Data (link pndb),Title,Description,Species,Gbif link
https://pndb.opendatasoft.com/explore/assets/mesure-colibri-juin-2017-zatu/,Mesure Colibri juin 2017 ZATU,"Lien vers la fiche source
Prise de mesure à l'aide d'un colibri (Canberra) pour la réalisation d'une cartographie gamma du site de Rophin et de ses environs. Les données contiennent les positionnements GPS, la mesure en nano-sievert par heure, le débit de dose, la dose cumulée et le coefficient de calibration. Contributeurs : IPHC",,
https://pndb.opendatasoft.com/explore/assets/pollen-species-carried-by-wild-bees-in-wooded-and-herbaceous-semi-natural-habitats/,Pollen species carried by wild bees in wooded and herbaceous semi-natural habitats,"Lien vers la fiche source
The aim was to assess the pollens carried by wild bees hunted in three types of semi-naturel habitats :permanent grasslands,forest edges and hedgerows. The bees were netted in each of these habitats,in 30 landscapes selected according to a gradient of % woodland. Pollen grains were collected on female bee’s body with a fine tweezer and a moistened brush and were deposited directly into a droplet of water placed on a microscope slide. Pollen grains from each individual bee were observed under a x400 optical microscope and identified to genera or species level based on the pollen reference collection of the INRAe du Magneraud.",,
https://pndb.opendatasoft.com/explore/assets/variabilite-des-traits-et-de-lenvironnement-stationnel-et-edaphique-chez-la-plante-subantarctique-lyallia-kerguelensis-iles-kerguelen-2015-2019-ipev-plantevol/,"Variabilité des traits et de l'environnement stationnel et édaphique chez la plante subantarctique Lyallia kerguelensis (Iles Kerguelen 2015-2019, IPEV PlantEvol)","Lien vers la fiche source
Trait and environmental (geomorphological, topographical, edaphic) variability in the sub-Antarctic plant Lyallia kerguelensis (Iles Kerguelen 2015-2019, IPEV PlantEvol) Les données présentées dans les deux tableaux ont été acquises au cours d'une étude de quatre ans (2015-2019) à travers le programme IPEV n°1116 ""PlantEvol"" (F. Hennion) et portent sur 319 plantes de Lyallia kerguelensis distribuées dans 19 populations aux Iles Kerguelen. Le tableau “individual_variables .csv"" présente les traits morphologiques et biotiques par individu. Ces traits ont été en partie mesurés directement sur les plantes in situ et en partie extraits par une approche de photointerprétation à partir d'images calibrées des plantes. Le tableau “population_variables .csv” présente la localisation et les variables environnementales par population. Ces données ont été utilisées dans le cadre de l'article « Morphological variability of cushion plant Lyallia kerguelensis (Caryophyllales) in relation to environmental conditions and geography in the Kerguelen Islands: implications for cushion necrosis and climate change », 2020, L.J Marchand, M. Tarayre, T. Dorey, Y. Rantier et F. Hennion, Polar Biology, https://doi.org/10.1007/s00300-020-02768-2 et de la thèse de L.J. Marchand. Mots-clés: morphometry, morphological trait, cushion plant, cushion necrosis, neighbouring plant, environment, sub-Antarctic, soil, fellfield, topography",Lyallia kerguelensis,https://www.gbif.org/fr/species/3701799
https://pndb.opendatasoft.com/explore/assets/donnees-de-replication-pour-mating-system-and-the-evolution-of-recombination-rates-in-seed-plants-ecobio/,Données de réplication pour : Mating system and the evolution of recombination rates in seed plants ECOBIO,"Lien vers la fiche source
Code and data to replicate the results in the paper Mating system and the evolution of recombination rates in seed plants. This publication is a meta-analysis gathering data on genetic maps and life history traits in more than one hundred plant species.",,
https://pndb.opendatasoft.com/explore/assets/dataset-of-male-and-female-reproductive-success-in-the-forest-tree-species-abies-alba-mill/,Dataset of male and female reproductive success in the forest tree species Abies alba Mill.,"Lien vers les données
Silver fir (Abies alba Mill.) is a shade tolerant European conifer, distributed across temperate mountain areas (e.g. in France: Pyrenees, Massif Central, Alps, Jura, Vosges, Montagne de l'Aigle), at moderate elevations between 300 and 1800 meters above sea level. This monoecious, wind-pollinated species is self-compatible and has a mixed mating system, although it passively avoids self-fertilization (geitonogamy): female strobili (i.e. cones) are located within the top third of the crown, whereas male strobili (catkins) are located within the bottom two thirds of the crown.
The dataset includes male and female reproductive yield (pollen and cone production), tree location, tree density, height, circumference and crown shape, quality of seeds (filled versus empty seeds and selfing rate), and seed weight of 148 silver fir trees from two marginal mountains in the south-eastern French Alps, Ventoux and Lure, monitored over a period of four years (2002-2005). This period includes year 2003, characterized by an intense summer heat wave in that part of France. The data also include selfing rate calculated using genotyping of chloroplast DNA (microsatellites) as explained in the PhD thesis of G. Restoux (2009). The data can be used to test the effect of environmental drivers on selfing and female reproductive success and shed light on the evolution of mixed mating in plants.
The data are in file ""Data_selfing"" and the description of the dataset contents is in file ""MetaData_Selfing_En"" for the English version of the metadata and in file ""MetaData_Selfing_Fr"" for the French version.",Abies alba,https://www.gbif.org/fr/species/2685484
https://pndb.opendatasoft.com/explore/assets/individual-fruit-and-cone-production-pollen-and-biomass-data-for-european-beech-fagus-sylvatica-l-and-silver-fir-abies-alba-mill-from-their-geographic-range-margins-in-south-eastern-france/,"Individual fruit and cone production, pollen and biomass data for European beech (Fagus sylvatica L.) and silver fir (Abies alba Mill.) from their geographic range margins in south-eastern France","Lien vers les données
Among the phenotypic and functional traits of interest in a context of rapidly changing environmental conditions linked to anthropogenic global warming, fruiting data are often lacking, even though they are fundamental for assessing the adaptive capacities of species and for modeling their ecological niche and simulating their evolution. Inter-annual alternations of high and low fruiting and the correlation between this masting phenomenon and resource allocation to other functions, such as growth, are relatively poorly documented in forest trees.

This paper presents a long-term monitoring dataset containing observations of the annual production of female reproductive structures (strobili) over an 18-year period, combined with observations of the annual production of male flowers and cones, dendrometric data (circumference at breast height, total height, crown base heights) and tree health status, at individual tree level. The observations concern two major species of European lowland and mountain forest ecosystems, common beech (Fagus sylvatica L.) and silver fir (Abies alba Mill.). The individual observations were made in a mountain forest located at the southern edge of the distribution range of these two species, along a marked altitude gradient [963 to 1521m] that makes this site a natural laboratory for deciphering processes of micro-geographical adaptation and plasticity: Mont Ventoux (France).

For financial reasons (long-term monitoring is dependent on shorter-term, project-based research funding), the number of trees monitored per year varies. For example, there are no fruiting data for 2008, 2009 and 2010 for common beech and 2022 for both species. Despite these short interruptions, the publication contains a total of 2247 cone observations made on 334 fir trees and 2694 fruiting observations made on 422 beech trees between 2006 and 2024.

The dataset contains 3 data files:
- Fructification_data_Ventoux.csv : Data on fruit production, dendrometry (CBH and Ht), health status and mortality;
- MaleFlowers_data_Ventoux.csv : Male flower inflorescence production ;
- FructificationBiomass_data_Ventoux.csv : cone biomass estimation data, as the “cone length” proxi.
Common variables (Original_ID, Taxon_Name and Year) make it easy to compare data from the 3 files. The dataset also contains a documentation file describing the variables measured and observed, that are present in the 3 data files.","Fagus sylvatica, Abies alba","https://www.gbif.org/fr/species/2882316, https://www.gbif.org/fr/species/2685484"
https://pndb.opendatasoft.com/explore/assets/replication-data-for-effects-of-pathogen-reproduction-system-on-the-evolutionary-and-epidemiological-control-provided-by-deployment-strategies-for-two-major-resistance-genes-in-agricultural-landscapes/,"Replication data for ""Effects of pathogen reproduction system on the evolutionary and epidemiological control provided by deployment strategies for two major resistance genes in agricultural landscapes""","Lien vers les données
R code for reproducing the analysis, results and figures presented in the article Zaffaroni M., Rimbaud L., Rey J-F., Papaïx J. & Fabre F. 2024. Effects of pathogen reproduction system on the evolutionary and epidemiological control provided by deployment strategies for two major resistance genes in agricultural landscapes. Evolutionary Applications, in press, 10.1111/eva.13627",,
https://pndb.opendatasoft.com/explore/assets/cartographie-des-colonies-de-crepidules-crepidula-fornicata-linne-1758-dans-la-baie-de-marennes-oleron-etat-1994-1995/,"Cartographie des colonies de crépidules (Crepidula fornicata Linné, 1758) dans la baie de Marennes-Oléron. Etat 1994-1995","Lien vers les données
Cartographie des colonies de la crépidule dans le bassin de Marennes-Oléron et la presqu'île de Fouras - île d'Aix, crées à l'issue du dépouillement de relevés sonar. Des prélèvements ponctuels pour calibration de l'imagerie acoustique ont été réalisés à la benne Shipeck (0,04 m²) pour les prélèvements sédimentaires et à la drague à pétoncle (1,50 m, maille 35 mm) pour les prélèvements de crépidules. L'interprétation acoustique a permis de reconnaître des tâches denses et tapis très denses de crépidules, les escarpement rocheux, les roches et barres rocheuses et les traits de chalutage",Crepidula fornicata,https://www.gbif.org/fr/species/5192789
https://pndb.opendatasoft.com/explore/assets/estimation-des-abondances-ponderees-par-canyon-des-funiculina-quadrangularis-observees-en-submersibles-entre-1995-et-2011-en-mediterranee-francaise/,Estimation des abondances (pondérées par canyon) des Funiculina quadrangularis observées en submersibles entre 1995 et 2011 en Méditerranée française,"Lien vers les données
Couche de points représentant les abondances pondérées par canyon des organismes observés pendant des plongées en submersible dans les canyons de Méditerranée continentale.",Funiculina quadrangularis,https://www.gbif.org/fr/species/2258652
https://pndb.opendatasoft.com/explore/assets/presence-de-renouees-en-region-auvergne-rhone-alpes/,Présence de Renouées en Région Auvergne-Rhône-Alpes,"Lien vers la fiche source
DES TACHES DE RENOUÉES (FALLOPIA X BOHEMICA) ONT ÉTÉ IDENTIFIÉES ET LEUR CAPACITÉ DE REPRODUCTION SEXUÉE A ÉTÉ RELEVÉE (PRESENCE D'AKÈNES). LES CAPACITÉS GERMINATIVES DE CES PROPAGULES SEXUÉES AINSI QUE LES CAPACITÉS DE DISPERSION ONT ÉTÉ ETUDIÉES .",,
https://pndb.opendatasoft.com/explore/assets/distribution-de-mimachlamys-varia-cperm-367-aphiaid-236719-en-atlantique/,"Distribution de Mimachlamys varia (CPERM 367, AphiaID 236719) en ATLANTIQUE","Lien vers les données
Distribution du taxon Mimachlamys varia établie à partir des données de densité d'abondance relative cumulées et krigées issues des campagnes halieutiques EVHOE (2008-2013), LANGOLF (2011-2013), NURSE (2000-2013), ORHAGO (2011-2015)",Mimachlamys varia,https://www.gbif.org/fr/species/4373480
https://pndb.opendatasoft.com/explore/assets/distribution-de-anapagurus-hyndmanni-cperm-1005-aphiaid-107217-en-atlantique/,"Distribution de Anapagurus hindmanni (CPERM 1005, AphiaID 107217) en ATLANTIQUE","Lien vers les données
Distribution du taxon Anapagurus hindmanni établie à partir des données de densité d'abondance relative cumulées et krigées issues des campagnes halieutiques EVHOE (2008-2013), LANGOLF (2011-2013), NURSE (2000-2013), ORHAGO (2011-2015)",Anapagurus hyndmanni,https://www.gbif.org/fr/species/4312306
https://pndb.opendatasoft.com/explore/assets/distribution-de-jorunna-tomentosa-cperm-2418-aphiaid-140166-en-atlantique/,"Distribution de Jorunna tomentosa (CPERM 2418, AphiaID 140166) en ATLANTIQUE","Lien vers les données
Distribution du taxon Jorunna tomentosa établie à partir des données de densité d'abondance relative cumulées et krigées issues des campagnes halieutiques EVHOE (2008-2013), LANGOLF (2011-2013), NURSE (2000-2013), ORHAGO (2011-2015)",Jorunna tomentosa,https://www.gbif.org/fr/species/2292454
https://pndb.opendatasoft.com/explore/assets/distribution-de-berthella-plumula-cperm-7486-aphiaid-140812-en-atlantique/,"Distribution de Berthella plumula (CPERM 7486, AphiaID 140812) en ATLANTIQUE","Lien vers les données
Distribution du taxon Berthella plumula établie à partir des données de densité d'abondance relative cumulées et krigées issues des campagnes halieutiques EVHOE (2008-2013), LANGOLF (2011-2013), NURSE (2000-2013), ORHAGO (2011-2015)",Berthella plumula,https://www.gbif.org/fr/species/2302622
https://pndb.opendatasoft.com/explore/assets/densite-des-principales-familles-taxonomiques-de-lichtyofaune-observees-par-video-rotative-staviro-par-station-en-nouvelle-caledonie/,Densité des principales familles taxonomiques de l’ichtyofaune observées par vidéo rotative STAVIRO par station en Nouvelle-Calédonie,"Lien vers les données
Densité par famille taxonomique et par station : nombre d’individus dans un rayon de 5 m autour du système STAVIRO, rapporté à une surface de 100 m².",,
https://pndb.opendatasoft.com/explore/assets/diversite-des-pratiques-agricoles-et-des-insectes-auxiliaires-carabes-ille-et-vilaine-sud-2012-2013/,"Diversité des pratiques agricoles et des insectes auxiliaires (carabes) (Ille et Vilaine sud, 2012-2013)","Lien vers la fiche source
L’objectif de ce projet est d’évaluer les effets de la diversité et de l’organisation spatiale des pratiques en Agriculture Biologique et en Agriculture Conventionnelle dans des systèmes de polyculture-élevage bretons sur les insectes auxiliaires, à l’échelle de la parcelle et du paysage. Dans 80 paysages d’Ille et Vilaine sud, un suivi des communautés d'auxiliaires (coccinelles, carabes, parasitoïdes) et des ravageurs du blé d'hiver (pucerons) a été réalisé entre avril et juillet, dans une parcelle de blé biologique et une parcelle de blé conventionnelle. Une cartographie précise de l’occupation du sol de chaque paysage a été réalisée, ainsi que des enquêtes avec les exploitants afin de relever les pratiques agricoles mises en œuvre dans les parcelles suivies et dans leur environnement paysager proche. Cette étude a été en partie financée par le projet ANR Landscaphid.",,
https://pndb.opendatasoft.com/explore/assets/carte-de-repartition-dophioglossum-lusitanicum-ouessant-2005/,"Carte de répartition d'Ophioglossum lusitanicum, Ouessant (2005)","Lien vers la fiche source
Liste Rouge du Massif Armoricain",Ophioglossum lusitanicum,https://www.gbif.org/fr/species/2650128
https://pndb.opendatasoft.com/explore/assets/carte-de-repartition-de-rumex-rupestris-ouessant-2005/,"Carte de répartition de Rumex rupestris, Ouessant (2005)","Lien vers la fiche source
Espèce de l'Annexe I Directive Habitat, protégée nationalement, Liste Rouge National, Liste Rouge du Massif Armoricain",Rumex rupestris,https://www.gbif.org/fr/species/4036610
https://pndb.opendatasoft.com/explore/assets/rhoneco-baix-le-logis-neuf-2010-2018-suivi-scientifique-du-programme-de-restauration-hydraulique-et-ecologique-du-rhone/,RhônEco - Baix-le-Logis-neuf 2010-2018 : Suivi scientifique du programme de restauration hydraulique et écologique du Rhône,"Lien vers la fiche source
Suivi des vieux-Rhône : chenal principal du Rhône - Suivi des peuplements de macroinvertébrés benthiques entre 2011 et 2017 - Suivi des peuplements de poissons sur la période 2010-2018 CONTEXTE : évaluation des effets de l'augmentation du débit réservé dans le vieux-Rhône et de la restauration physique des lônes AUTEURS: LEHNA-IRSTEA Lyon FINANCEURS, PROPRIETAIRES : Agence de l'Eau RM&C, Région Rhône-Alpes (FEDER), Région Provence Alpes-Côte d'Azur, Compagnie Nationale du Rhône, EDF, Syndicat du Haut-Rhône",,
https://pndb.opendatasoft.com/explore/assets/zones-dalimentation-des-couples-de-craves-a-bec-rouge-ouessant-1998/,"Zones d'alimentation des couples de craves à bec rouge, Ouessant (1998)","Lien vers la fiche source
Pour quantifier l'importance de cette sélection de l'habitat, notamment lors de périodes cruciales comme le moment de la reproduction, il est nécessaire de pouvoir comparer les surfaces d'habitats disponibles pour chacun des couples et leurs fréquences d'utilisation. Ainsi à Ouessant entre 1998 et 2003, l'ensemble des couples nicheurs a été suivi tout au long du cycle de reproduction, exception faite de 2001 où seulement la moitié a pu être suivie convenablement, soit un total de 68 territoires suivis. Pour chaque année et chaque couple, nous avons ainsi pu modéliser les territoires alimentaires utilisés. En période de reproduction deux critères de sélection ont pu ainsi être identifiés: les habitats ras et la distance au nid. Plus les parcelles d'habitats favorables (pelouse et landes rases) sont éloignées du nid moins elles sont utilisées. Le succès reproducteur apparaît influencé par les superficies d'habitats ras à proximité du nid. Pour plus de détails sur la méthodologie et les résultats : Kerbiriou C., Le Viol, I., Nisser, J., Audevard, A., Le Pennec, V. Biologie de la reproduction du Crave à bec rouge (Pyrrhocorax pyrrrhocorax) en Bretagne (France) Alauda in press Kerbiriou, C., Gourmelon, F., Jiguet F., Le Viol I., Bioret F., & Julliard R.,. 2006 Linking territory quality and reproductive success in the chough (Pyrrhocorax pyrrrochorax): implications for conservation management of an endangered population. Ibis 148: 352-364",Pyrrhocorax pyrrochorax,https://www.gbif.org/fr/species/2482552
https://pndb.opendatasoft.com/explore/assets/variabilite-des-traits-et-de-lenvironnement-stationnel-et-edaphique-chez-la-plante-subantarctique-lyallia-kerguelensis-iles-kerguelen-2015-2019-ipev-plantevol/,"Variabilité des traits et de l'environnement stationnel et édaphique chez la plante subantarctique Lyallia kerguelensis (Iles Kerguelen 2015-2019, IPEV PlantEvol)","Lien vers la fiche source
Trait and environmental (geomorphological, topographical, edaphic) variability in the sub-Antarctic plant Lyallia kerguelensis (Iles Kerguelen 2015-2019, IPEV PlantEvol) Les données présentées dans les deux tableaux ont été acquises au cours d'une étude de quatre ans (2015-2019) à travers le programme IPEV n°1116 ""PlantEvol"" (F. Hennion) et portent sur 319 plantes de Lyallia kerguelensis distribuées dans 19 populations aux Iles Kerguelen. Le tableau “individual_variables .csv"" présente les traits morphologiques et biotiques par individu. Ces traits ont été en partie mesurés directement sur les plantes in situ et en partie extraits par une approche de photointerprétation à partir d'images calibrées des plantes. Le tableau “population_variables .csv” présente la localisation et les variables environnementales par population. Ces données ont été utilisées dans le cadre de l'article « Morphological variability of cushion plant Lyallia kerguelensis (Caryophyllales) in relation to environmental conditions and geography in the Kerguelen Islands: implications for cushion necrosis and climate change », 2020, L.J Marchand, M. Tarayre, T. Dorey, Y. Rantier et F. Hennion, Polar Biology, https://doi.org/10.1007/s00300-020-02768-2 et de la thèse de L.J. Marchand. Mots-clés: morphometry, morphological trait, cushion plant, cushion necrosis, neighbouring plant, environment, sub-Antarctic, soil, fellfield, topography",Lyallia kerguelensis,https://www.gbif.org/fr/species/3701799
https://pndb.opendatasoft.com/explore/assets/suivi-lievre-gps-domagne-2022-zone-atelier-armorique-zaar/,Suivi Lievre GPS Domagné 2022 - Zone Atelier Armorique ZAAr,"Lien vers la fiche source
Localisation GPS des hases suivies (n=10) sur la zone de Domagné pour l'identification et la caractérisation des zones de mise-bas des lièvres (Lepus europaeus) au printemps 2022. Ces données sont acquises dans le cadre d'un test de faisabilité pour une étude sur l'impact du paysage sur les relations prédateurs-proies. Les localisations GPS incluent à la fois des points de gite en journée (09:00 GMT, 17:00 GMT), des points d'activité de nuit (18:00 GMT, 20:00 GMT, 22:00 GMT, 01:00 GMT) et des localisations toutes les 2 minutes au moment de l'allaitement (environ 1h après le coucher du soleil).",Lepus europaeus,https://www.gbif.org/fr/species/7952072
https://pndb.opendatasoft.com/explore/assets/la-flore-adventice-associee-au-semis-direct-sous-couvert-enquete-sur-un-reseau-dagriculteurs-en-bourgogne-franche-comte-2018-2019/,La flore adventice associée au semis direct sous couvert. Enquête sur un réseau d'agriculteurs en Bourgogne-Franche-Comté: 2018-2019.,"Lien vers les données
Les données contenues dans ce jeu de données correspondent aux observations faites lors de relevés de flore effectués sur les parcelles d’un réseau de soixante-deux agriculteurs en agriculture de conservation de la région Bourgogne-Franche et du département de la Haute Marne. Cent soixante-seize parcelles ont été échantillonnées (134 en blé tendre et 42 en soja) deux à trois fois au cours de l’année culturale. Ce sont 452 relevés floristiques qui ont ainsi été réalisés au cours de deux années successives (2018 et 2019).",,
https://pndb.opendatasoft.com/explore/assets/suivi-de-la-faune-benthique-dans-les-substrats-meubles-rade-de-brest-2023/,Suivi de la faune benthique dans les substrats meubles - Rade de Brest - 2023,"Lien vers la fiche source
Le Parc naturel régional d’Armorique est opérateur Natura 2000 des sites « Rade de Brest, estuaire de l’Aulne » (ZSC - FR5300046) et « Rade de Brest : Baie de Daoulas, Anse de Poulmic » (ZPS - FR5310071) depuis 2014. Situé sur la grande voie de migration ouest-européenne, le fond de rade constitue un site d’importance nationale voire internationale pour l’avifaune migratrice. Elle y trouve des conditions favorables à son hivernage, à savoir repos et nourriture. Cela est lié à l'existence de vastes zones d'eau peu profondes et de rivages variés (rochers, cordons de galets, vasières), offrant aux oiseaux des ressources alimentaires abondantes. Les vasières représentent un habitat particulièrement favorable pour l’alimentation de certaines de ces espèces migratrices (limicoles, anatidés), qui y trouvent une nourriture abondante. Dans ce site, les vasières intertidales représentent plus de 45 % des habitats. Dans le but de suivre l’état de conservation des vasières dans le site Natura 2000 de la rade de Brest, le Parc a décidé de réaliser une étude basée sur le programme de surveillance des habitats benthiques intertidaux avec le protocole de suivi RNF (Réserves Naturelles de France), en lien avec le life Marha. Ce protocole, mis en oeuvre depuis 2007 sur différents sites de la façade Atlantique, a pour objectif de fournir des données sur le long-terme et ainsi conduire à des analyses comparatives à caractère national. Ce protocole permet d’identifier les principales caractéristiques des communautés benthiques en utilisant des approches de description d’habitat, de communautés associées et biométriques pour certains mollusques bivalves. Le protocole a été déployé pour la première fois en 2023.",,
,,,,
https://pndb.opendatasoft.com/explore/assets/abondance-dhuitre-plate-ostrea-edulis-observee-lors-des-campagnes-scientifiques-sur-la-periode-2007-2010/,Abondance d'huître plate (Ostrea edulis) observée lors des campagnes scientifiques sur la période 2007 – 2010,Lien vers les donnéesL'abondance d'huître plate (Ostrea edulis) est exprimée en nombre d’individus par km² et observée lors de la campagne halieutique de l'Ifremer utilisant un engin de pêche ”traînant de fond” : ORHAGO (2007-2010). Données utilisées dans le cadre d'une étude visant à l'identification de zones de moindres contraintes pour l'exploitation de granulats marins (étude confiée par le Ministère chargé de l'écologie).,Ostrea edulis,https://www.gbif.org/species/2286060
https://pndb.opendatasoft.com/explore/assets/suivi-de-lichtyofaune-de-la-reserve-naturelle-cerbere-banyuls-rncb-merou-corb-sar-tambour/,"Suivi de l'ichtyofaune de la Réserve Naturelle Cerbère-Banyuls (RNCB) : mérou, corb, sar tambour","Lien vers les donnéesLes données concernant le mérou Epinephelus marginatus, le corb Sciaena umbra et le sar tambour Diplodus cervinus sont extraites du jeu de données de comptage de l'ensemble des espèces. La zone d’étude se situe dans la réserve naturelle de Cerbère-Banyuls (ZPR et ZPP), et dans les zones adjacentes (HR-N et HR-S). L’ensemble des habitats rocheux de la réserve a été échantillonné. Les zones rocheuses hors réserve sont également échantillonnées mais pas sur toute leur surface. Ce suivi a été réalisé irrégulièrement (2001, 2006, 2009, 2011, 2014, 2017, 2020).","Epinephelus marginatus, Sciaena umbra, Diplodus cervinus","https://www.gbif.org/species/2388507, https://www.gbif.org/species/2399670, https://www.gbif.org/species/5712108"
https://pndb.opendatasoft.com/explore/assets/variabilite-des-traits-et-de-lenvironnement-stationnel-et-edaphique-chez-la-plante-subantarctique-lyallia-kerguelensis-iles-kerguelen-2015-2019-ipev-plantevol/,"Variabilité des traits et de l'environnement stationnel et édaphique chez la plante subantarctique Lyallia kerguelensis (Iles Kerguelen 2015-2019, IPEV PlantEvol)","Trait and environmental (geomorphological, topographical, edaphic) variability in the sub-Antarctic plant Lyallia kerguelensis (Iles Kerguelen 2015-2019, IPEV PlantEvol) Les données présentées dans les deux tableaux ont été acquises au cours d'une étude de quatre ans (2015-2019) à travers le programme IPEV n°1116 ""PlantEvol"" (F. Hennion) et portent sur 319 plantes de Lyallia kerguelensis distribuées dans 19 populations aux Iles Kerguelen. Le tableau “individual_variables .csv"" présente les traits morphologiques et biotiques par individu. Ces traits ont été en partie mesurés directement sur les plantes in situ et en partie extraits par une approche de photointerprétation à partir d'images calibrées des plantes. Le tableau “population_variables .csv” présente la localisation et les variables environnementales par population. Ces données ont été utilisées dans le cadre de l'article « Morphological variability of cushion plant Lyallia kerguelensis (Caryophyllales) in relation to environmental conditions and geography in the Kerguelen Islands: implications for cushion necrosis and climate change », 2020, L.J Marchand, M. Tarayre, T. Dorey, Y. Rantier et F. Hennion, Polar Biology, https://doi.org/10.1007/s00300-020-02768-2 et de la thèse de L.J. Marchand. Mots-clés: morphometry, morphological trait, cushion plant, cushion necrosis, neighbouring plant, environment, sub-Antarctic, soil, fellfield, topography",Lyallia kerguelensis,https://www.gbif.org/species/3701799
https://pndb.opendatasoft.com/explore/assets/abondance-de-petit-tacaud-trisopterus-minutus-observee-lors-des-campagnes-scientifiques-sur-la-periode-2005-2010/,Abondance de petit tacaud (Trisopterus minutus) observée lors des campagnes scientifiques sur la période 2005 – 2010,"Lien vers les donnéesL'abondance de petit tacaud (Trisopterus minutus) est exprimée en nombre d’individus par km² et observée lors des campagnes halieutiques de l'Ifremer utilisant un engin de pêche ”traînant de fond” : CGFS (2005-2009), EVHOE (2005-2009), LANGOLF (2006-2009), ORHAGO (2007-2010). Données utilisées dans le cadre d'une étude visant à l'identification de zones de moindres contraintes pour l'exploitation de granulats marins (étude confiée par le Ministère chargé de l'écologie).",Trisopterus minutus,https://www.gbif.org/species/2415906
https://pndb.opendatasoft.com/explore/assets/a-gridded-sea-surface-salinity-data-set-for-the-pacific-ocean/,A gridded sea surface salinity data set for the Pacific Ocean,"Lien vers les données
The gridded Sea Surface Salinity (SSS) data set covers the region between 120°E – 70°W and 30°N – 30°S in the Pacific Ocean. It is based on available data collected from 1950 to 2009 mostly from Voluntary Observing Ships, TAO/TRITON moorings and Argo profilers, with complementary hydrocasts, STD, and CTD data collected during research cruises, and subsequently validated. This monthly SSS product is gridded using an objective mapping at the spatial resolution 1° x 1°. It is distributed with its associated error fields. It is an update of the SSS product presented in Delcroix et al (2011).",,
https://pndb.opendatasoft.com/explore/assets/annually-binned-sea-surface-salinity-temperature-and-density-in-the-north-atlantic-subpolar-gyre-40degn-70degn/,"Annually binned Sea Surface Salinity, Temperature and Density in the North Atlantic subpolar gyre (40°N-70°N)","Lien vers les données
The annually binned Sea Surface Salinity, Temperature and Density data set covers a large part of the North Atlantic subpolar gyre. It is based on T and S near-surface data collected since December 1895 to August 2018 from all data sources, including Voluntary Observing Ships subsequently validated. This annual product presents deviations from a climatological seasonal cycle and has furthermore been smoothed in time with a 1/4, 1/2, 1/4 running-mean filter. Density time series are estimated from those annual time series, considering winter (D-J-F) climatology. Uncertainty estimates due to sampling are also provided. Data for December 2017-August 2018 are also reported as 2018, but are temporary and should not be used without further check. Long gaps have been filled by linear interpolation, and are attributed largest error.",,
https://pndb.opendatasoft.com/explore/assets/0-250-m-ocean-temperature-mooring-line-azur-buoy/,"0-250 m ocean temperature, mooring line, Azur Buoy","Lien vers les données
Routine operation over a period shorter than 5 years (Enhanced Observation Period, EOP)",,
https://pndb.opendatasoft.com/explore/assets/0-250-m-ocean-temperature-mooring-line-lion-buoy/,"0-250 m ocean temperature, mooring line, Lion Buoy","Lien vers les données
Routine operation over a period shorter than 5 years (Enhanced Observation Period, EOP)",,
https://pndb.opendatasoft.com/explore/assets/donnees-annuelles-de-2014-a-2019issues-des-enquetes-sur-les-pratiques-agricoles-phytosanitairesfertilisation-et-travail-du-sol-dans-les-parcelles-du-reseau-sebiopagsite-detude-des-vallees-et-coteaux-de-gascogne/,"Données annuelles de 2014 à 2019,issues des enquêtes sur les pratiques agricoles (phytosanitaires,fertilisation et travail du sol) dans les parcelles du réseau SEBIOPAG,site d'étude des Vallées et Coteaux de Gascogne","Lien vers les données
Données d'enquêtes sur les pratiques agricoles effectuées,obtenues annuellement auprès des agriculteurs du réseau. Saisies sous la base nationale Agrosyst",,
https://pndb.opendatasoft.com/explore/assets/donnees-botaniques-annuelle-des-relevees-effectues-dans-les-parcelles-de-grandes-cultures-etudiees-dans-le-cadre-du-reseau-sebiopagde-2014-a-2019/,"Données botaniques annuelle des rélévées effectués dans les parcelles de grandes cultures étudiées dans le cadre du réseau SEBIOPAG,de 2014 à 2019","Lien vers les données
Description annuelle des communautés botaniques sur le site du site des Vallées et Coteaux de Gascogne,selon la méthode d'abondance relative réalisées dans 10 quadrats de 1m² par parcelle agricole étudiée,relevés effectués au printemps de chaque année.",,
https://pndb.opendatasoft.com/explore/assets/inventaire-des-gisements-de-petoncle-chlamys-varia-l-dans-la-region-de-la-rochelle-letaconnoux-audouin-1956-etat-1951/,"Inventaire des gisements de pétoncle (Chlamys varia L.) dans la région de La Rochelle (Letaconnoux & Audouin, 1956). Etat 1951.","La distribution géographique des principaux gisements du pétoncle Chlamys varia L. aujourd’hui nommé Mimachlamys varia (Linné, 1758) a été dressée en 1951 par Letaconnoux & Audouin (1956) pour la région de La Rochelle englobant les Pertuis Breton et d’Antioche. L’inventaire porte sur les principaux gisements naturels de pétoncle du Pertuis Breton, du Pertuis d’Antioche jusqu’au Pertuis de Maumusson puis détaille les structures d’âge de deux populations issues du banc du Bûcheron et du banc de la Flotte dans le Pertuis Breton. L’analyse des conditions thermiques et salines en 1951-1952 permet aux auteurs de préciser le régime hydrologique propre aux bancs de pétoncle : marin (30 à 35 de salinité) et non perturbé par l’influence des eaux peu salées issues des panache fluviaux de la Sèvre et de la Charente, zone peu profonde au-dessus de l’isobathe des -15 m jusqu’à l’infralittoral exondable. Sont localisés treize bancs de pétoncle dont cinq dans le Pertuis Breton (en particulier les bancs du Bûcheron et de La Flotte qui sont les plus étendus), sept dans le Pertuis d’Antioche (situé le long des côtes de La Rochelle et d’Angoulin et à proximité de l’île d’Aix) et un au cœur du bassin de Marennes-Oléron (à proximité du banc de Lamouroux). La toponymie des gisements de pétoncle est issue des cartes IGN actuelles sauf pour les bancs du Bûcheron et de la Flotte clairement identifiés par Letaconnoux & Audouin (1956).","Chlamys varia, Mimachlamys varia","https://www.gbif.org/species/5188879, https://www.gbif.org/species/4373480"
https://pndb.opendatasoft.com/explore/assets/dental-microwear-textures-of-extant-ruminants-from-the-bauges-regional-natural-park-france/,"Dental Microwear textures of extant ruminants from the Bauges Regional Natural Park, France","Lien vers les données
This dataset contains dental microwear surfaces disto-buccal facets of the lower second molars of extant wild-sampled specimens of roe deer (Capreolus capreolus), red deer (Cervus elaphus), mouflon (Ovis gmelini) and chamois (Rupicapra rupicapra) from the Bauges Regional Natural Park, France. Material is stored at the Palevoprim Lab, University of Poitiers, France. Details are given in Merceron et al. (2021).","Capreolus capreolus, Cervus elaphus, Ovis gmelini, Rupicapra rupicapra","https://www.gbif.org/species/5220126, https://www.gbif.org/species/2440958, https://www.gbif.org/species/8364375, https://www.gbif.org/species/5220170"
https://pndb.opendatasoft.com/explore/assets/inventaire-des-gisements-de-petoncle-chlamys-varia-l-dans-la-region-de-la-rochelle-letaconnoux-audouin-1956-etat-1951/,"Inventaire des gisements de pétoncle (Chlamys varia L.) dans la région de La Rochelle (Letaconnoux & Audouin, 1956). Etat 1951.","La distribution géographique des principaux gisements du pétoncle Chlamys varia L. aujourd’hui nommé Mimachlamys varia (Linné, 1758) a été dressée en 1951 par Letaconnoux & Audouin (1956) pour la région de La Rochelle englobant les Pertuis Breton et d’Antioche. L’inventaire porte sur les principaux gisements naturels de pétoncle du Pertuis Breton, du Pertuis d’Antioche jusqu’au Pertuis de Maumusson puis détaille les structures d’âge de deux populations issues du banc du Bûcheron et du banc de la Flotte dans le Pertuis Breton. L’analyse des conditions thermiques et salines en 1951-1952 permet aux auteurs de préciser le régime hydrologique propre aux bancs de pétoncle : marin (30 à 35 de salinité) et non perturbé par l’influence des eaux peu salées issues des panache fluviaux de la Sèvre et de la Charente, zone peu profonde au-dessus de l’isobathe des -15 m jusqu’à l’infralittoral exondable. Sont localisés treize bancs de pétoncle dont cinq dans le Pertuis Breton (en particulier les bancs du Bûcheron et de La Flotte qui sont les plus étendus), sept dans le Pertuis d’Antioche (situé le long des côtes de La Rochelle et d’Angoulin et à proximité de l’île d’Aix) et un au cœur du bassin de Marennes-Oléron (à proximité du banc de Lamouroux). La toponymie des gisements de pétoncle est issue des cartes IGN actuelles sauf pour les bancs du Bûcheron et de la Flotte clairement identifiés par Letaconnoux & Audouin (1956).","Chlamys varia, Mimachlamys varia","https://www.gbif.org/species/5188879, https://www.gbif.org/species/4373480"
https://pndb.opendatasoft.com/explore/assets/composition-de-la-richesse-specifique-de-la-macrofaune-regroupee-par-groupes-trophiques-observee-par-video-rotative-staviro-par-station-en-nouvelle-caledonie/,Composition de la richesse spécifique de la macrofaune regroupée par groupes trophiques observée par vidéo rotative STAVIRO par station en Nouvelle-Calédonie,"Lien vers les données
Composition de la richesse spécifique totale de chaque station observée par vidéo rotative STAVIRO par groupes trophiques (nombre d’espèces par station observé dans un rayon de 10m autour du système STAVIRO).",,
https://pndb.opendatasoft.com/explore/assets/dcsmm2018-om-d1c4-repartition-spatiale-des-oiseaux-en-mer-grands-puffins-puffinus-gravis-puffinus-griseus-2012/,"DCSMM2018 - OM - D1C4 - Répartition spatiale des oiseaux en mer (""Grands puffins - Puffinus gravis & Puffinus griseus"", 2012)","Lien vers les données
La répartition spatiale constitue l’un des critères de définition du bon état écologique pour la composante ""oiseaux marins"" du descripteur 1 relatif à la biodiversité dans le cadre de la DCSMM (D1C4). Le bon état écologique des oiseaux marins (Puffinus gravis, Puffinus griseus) est atteint lorsque la diversité biologique de cette composante écosystémique est conservée. Pour cela, l’aire de répartition des espèces doit être conforme aux conditions physiographiques, géographiques et climatiques dominantes. Les cartes de répartition spatiale des oiseaux en mer ont été obtenues à partir des données des campagnes aériennes SAMM et constituent l’état des lieux actuel qui servira de base de référence pour les comparaison avec les prochaines campagnes aériennes. Les unités géographiques d’évaluation sont les sous-régions marines de la DCSMM. Les groupes d’espèces utilisés pour l’évaluation sont ceux énumérés au tableau 2 « Groupes d’espèces d’oiseaux marins » (décision 2017/848/UE). Les données sont présentées sous forme de fichiers géoréférencés de type tiff.","Puffinus gravis, Puffinus griseus","https://www.gbif.org/species/5229343, https://www.gbif.org/species/5739277"
https://pndb.opendatasoft.com/explore/assets/dechets-ingeres-par-les-tortues-marines-en-atlantique-et-en-mediterranee0/,Déchets ingérés par les tortues marines en Atlantique et en Méditerranée,"Lien vers les données
Evaluation de la quantité et du poids des déchets contenus dans les tractus digestifs des tortues marines autopsiées en Centre de soin. Cet indicateur D10C3 - Ingestion des déchets par les tortues marines, est développé en Atlantique et en Méditerranée.",,
https://pndb.opendatasoft.com/explore/assets/suivi-dispersion-graines-adventices-le-rheu-2021/,"Suivi dispersion graines adventices, Le Rheu, 2021","Lien vers les données
Suivi expérimental de la dispersion de graines adventice, Le Rheu, 2021 En amont du suivi de dispersion des graines, des plantes en pot sont cultivées en serre. Les graines sont marquées à l’aide de peinture fluorescente.Une semaine avant installation des pots sur le terrain, les plantes sont acclimatées aux conditions extérieures en réduisant progressivement l’arrosage. Après récolte du blé dans la parcelle sélectionnée, les pots sont enterrés sur le terrain, dans un champ « donneur » (A) séparé d’un champ « receveur » (B) par une haie, sur le domaine expérimental du Rheu. La mesure de la dispersion des graines depuis les plantes mères se fait au cours des mois de septembre et octobre. Les relevés se font la nuit (entre 23h et 2h), à l’aide d’une lampe UV, sur une zone de 120m par 78m. Les espèces adventices (Avena fatua, Lolium multiflorum, Sonchus Asper et Fallopia convolvulus) sont positionnées dans le champ donneur, à 50m et à 0.5m de l’interface champ – haie. Les espèces associées aux haies (Galium aparine et Anisantha sterilis) sont positionnées dans la haie, du côté du champ « receveur » (les vents dominants soufflent du sud-ouest vers le nord-est). Après installation des plantes en pot sur le terrain, trois relevés (23 septembre, 30 septembre et 7 octobre 2021) sont réalisés à intervalle régulier de sept jours. Lors des deux premiers relevés, les graines observées au sol sont laissées sur le terrain afin de permettre la dispersion secondaire. Lors du troisième relevé, toutes les graines sont ramassées afin d’éviter leur germination dans les champs. Un relevé consiste en une déambulation le long d’un sentier balisé à l’aide de jalons, qui permet de noter la position de chaque graine trouvée sur une fiche terrain. Un code couleur permet de différencier les espèces et leur provenance (i.e. cœur de champ, bord de champ, haie). Document de référence: Boinot Sébastien (2023) Rapport final du projet DIVERSIT'HAIES Associer haies et agriculture biologique à différentes échelles, un levier pour conserver la diversité végétale des paysages agroforestiers et gérer la flore adventice ? 27p.","Avena fatua, Lolium multiflorum, Sonchus asper, Fallopia convolvulus, Galium aparine, Anisantha sterilis","https://www.gbif.org/species/2705297, https://www.gbif.org/species/4129708, https://www.gbif.org/species/3105782, https://www.gbif.org/species/6391461, https://www.gbif.org/species/2913548, https://www.gbif.org/species/2703648"
https://pndb.opendatasoft.com/explore/assets/2008-frequence-dobservation-des-differentes-especes-de-cetaces-autour-de-lile-de-la-reunion-en-2008-selon-une-grille-de-maille-2kmx2km/,2008 - Fréquence d'observation des différentes espèces de cétacés autour de l'île de La Réunion en 2008 selon une grille de maille 2kmx2km,"Lien vers les données
Cartographie des fréquences d'observation des différentes espèces de cétacés autour de l'île de La Réunion en 2008 selon une grille de maille 2kmx2km.",,"https://www.gbif.org/species/2440455, https://www.gbif.org/species/2440447, https://www.gbif.org/species/5220060, https://www.gbif.org/species/5220050, https://www.gbif.org/species/5220086"
https://pndb.opendatasoft.com/explore/assets/distribution-de-la-faune-et-flore-marine-au-large-de-lile-de-re-synthese-1941/,Distribution de la faune et flore marine au large de l’île de Ré. Synthèse 1941,"Lien vers les données
La distribution de plusieurs espèces de la faune et flore marine au large de l’île de Ré est présentée sous forme d’une carte de synthèse. Cette carte est issue de l’ouvrage de Papy (1941) « La côte atlantique de la Loire à la Gironde. Tome premier » publié par l’Université de Bordeaux et en constitue la figure 83 p. 232. La synthèse peut être datée des années 1920-1930 car elle est basée sur les travaux de cartographie des herbiers de Zostères sur Ré par de Beauchamp (1923) et la planche n° 29 de l’Atlas de France par Prenant. La répartition des zostères (Zostera marina et Zostera noltii), des pholades (Pholas dactilus), de la coque commune (Cerastoderma edule), du pétoncle (Mimachlamys varia noté Chlamys varia), de l’huître portugaise (Crassostrea angulata), des moules (Mytilus edulis) et des algues Himanthalia elongata notée Himanthalia lorea, Chondrus crispus et des champs de laminaires est détaillée Pour les zostères, les contours proposés par Papy (1941) ont été remplacés par les contours issus de la planche originale par de Beauchamp (1923).","Zostera marina, Zostera noltii, Pholas dactylus, Cerastoderma edule, Mimachlamys varia, Chlamys varia, Crassostrea angulata, Mytilus edulis, Himanthalia elongata, Himanthalia lorea, Chondrus crispus","https://www.gbif.org/species/2863967, https://www.gbif.org/species/2863938, https://www.gbif.org/species/2288792, https://www.gbif.org/species/2286583, https://www.gbif.org/species/4373480, https://www.gbif.org/species/5188879, https://www.gbif.org/species/2286078, https://www.gbif.org/species/8288896, https://www.gbif.org/species/3197836, https://www.gbif.org/species/3197841, https://www.gbif.org/species/5279115"
https://pndb.opendatasoft.com/explore/assets/inventaire-des-herbiers-a-zostera-noltii-dans-la-masse-deau-cotiere-pertuis-charentais-etat-2007-surveillance-dce/,Inventaire des herbiers à Zostera noltii dans la masse d’eau côtière Pertuis charentais. Etat 2007 surveillance DCE,"Lien vers les données
La répartition des herbiers de Zostera noltii Hornemann, 1832 sur les estrans de la baie de Marennes-Oléron présents dans la masse d’eau côtière FRFC02 « Pertuis charentais » a été cartographiée en 2007 dans le cadre du contrôle de surveillance DCE sous l’égide d’Ifremer et de l’Agence de l’Eau Adour-Garonne. L’emprise géographique des estrans dans la masse d’eau côtière s’étend sur Oléron de Boyardville au Nord jusqu’à Gatseau au Sud puis sur le continent de Bourcefranc le Chapus jusqu’à la plage de la Cèpe en passant par la plage de Marennes et l’embouchure de la Seudre. Sont contributrices les données issues de l’analyse d’une image SPOT 5 acquises le 08/09/2006 et traitée en indice de végétation par GéoTransfert, des vérités terrains avec relevés GPS, contours des périmètres d’herbier et estimations des pourcentages de recouvrement (< 25% ; entre 25 et 75% et > 75%), lors des prospections DCE au cours de l’été 2007 par LIENSs et de la photo interprétation des Ortholittorale2000 afin de guider les prospections terrains. Les indices de végétations ont été traduits par ajustement linéaire en pourcentages de recouvrement à partir des vérités terrain comportant plus de 910 points d’observations. L’herbier à Zostera noltii des estrans de l’île d’Oléron se repartit principalement entre la Perrotine et St Trojan. De petits herbiers sont présents au nord de Bourcefranc le Chapus mais présentent leur plein développement du Chapus jusqu’à l’embouchure de la Seudre. Les herbiers des estrans de La Tremblade à Ronce-les-bains sont très clairsemés et peu denses. Au total l’ensemble de l’herbier couvre une superficie de plus de 1300 ha. L’herbier le plus dense et le plus continu se situe dans le périmètre de la réserve naturelle de Moëze Oléron ente Boyardville et le Château. Les herbiers sont néanmoins impactés par la pêche à pied aux coquillages fouisseurs en particulier au Sud du Château d’Oléron. Zostera marina n’est pas observée sur les estrans de cette masse d’eau Nord et bien qu’historiquement connue sur le Nord et l’Ouest d’Oléron ne doit pas y trouver un habitat potentiel. Cette carte est présentée dans les documents DCE (Sauriau et al., 2008) du contrôle de surveillance de l’herbier de Zostera noltii de la masse d’eau Pertuis charentais ainsi que dans la synthèse générale sur les Angiospermes des côtes françaises du Manche-Atlantique (Auby et al., 2010).","Zostera nolti, Zostera marina","https://www.gbif.org/species/2863938, https://www.gbif.org/species/2863967"
https://pndb.opendatasoft.com/explore/assets/cartographie-des-colonies-de-crepidules-crepidula-fornicata-linne-1758-dans-les-pertuis-charentais-etat-2008-2009/,"Cartographie des colonies de crépidules (Crepidula fornicata Linné, 1758) dans les pertuis charentais. Etat 2008-2009","Lien vers les données
Cartographie des colonies de la crépidule dans les pertuis charentais, crées à l'issue du dépouillement de relevés sonar. Des prélèvements ponctuels pour calibration de l'imagerie acoustique ont été réalisés à la benne Van Veen (0,04 m²) pour la validation qualitative (présence / absence de crépidules). L'interprétation acoustique a permis de reconnaître des tâches denses et tapis très denses de Crepidula fornicata.",Crepidula fornicata,https://www.gbif.org/species/5192789
https://pndb.opendatasoft.com/explore/assets/inventaire-des-gisements-de-petoncle-chlamys-varia-l-dans-la-region-de-la-rochelle-letaconnoux-audouin-1956-etat-1951/,"Inventaire des gisements de pétoncle (Chlamys varia L.) dans la région de La Rochelle (Letaconnoux & Audouin, 1956). Etat 1951.","La distribution géographique des principaux gisements du pétoncle Chlamys varia L. aujourd’hui nommé Mimachlamys varia (Linné, 1758) a été dressée en 1951 par Letaconnoux & Audouin (1956) pour la région de La Rochelle englobant les Pertuis Breton et d’Antioche. L’inventaire porte sur les principaux gisements naturels de pétoncle du Pertuis Breton, du Pertuis d’Antioche jusqu’au Pertuis de Maumusson puis détaille les structures d’âge de deux populations issues du banc du Bûcheron et du banc de la Flotte dans le Pertuis Breton. L’analyse des conditions thermiques et salines en 1951-1952 permet aux auteurs de préciser le régime hydrologique propre aux bancs de pétoncle : marin (30 à 35 de salinité) et non perturbé par l’influence des eaux peu salées issues des panache fluviaux de la Sèvre et de la Charente, zone peu profonde au-dessus de l’isobathe des -15 m jusqu’à l’infralittoral exondable. Sont localisés treize bancs de pétoncle dont cinq dans le Pertuis Breton (en particulier les bancs du Bûcheron et de La Flotte qui sont les plus étendus), sept dans le Pertuis d’Antioche (situé le long des côtes de La Rochelle et d’Angoulin et à proximité de l’île d’Aix) et un au cœur du bassin de Marennes-Oléron (à proximité du banc de Lamouroux). La toponymie des gisements de pétoncle est issue des cartes IGN actuelles sauf pour les bancs du Bûcheron et de la Flotte clairement identifiés par Letaconnoux & Audouin (1956).","Chlamys varia, Mimachlamys varia","https://www.gbif.org/species/5188879, https://www.gbif.org/species/4373480"
https://pndb.opendatasoft.com/explore/assets/ghrsst-level-2p-global-near-real-time-subskin-sea-surface-temperature-version-82-v82-from-the-advanced-microwave-scanning-radiometer-2-amsr2-on-the-gcom-w-satellite-by-remss/,GHRSST Level 2P Global Near-Real-Time Subskin Sea Surface Temperature version 8.2 (v8.2) from the Advanced Microwave Scanning Radiometer 2 (AMSR2) on the GCOM-W satellite by REMSS,"Lien vers les données
This product provides a “Final” (Refined) Level-2 Sea Surface Temperature (SST) (currently identified by ""v8.2"" within the file name) for the Group for High Resolution Sea Surface Temperature (GHRSST) Project, which is derived from the Advanced Microwave Scanning Radiometer 2 (AMSR2) by Remote Sensing Systems (RSS, or REMSS). AMSR2 was launched on 18 May 2012, onboard the Global Change Observation Mission - Water (GCOM-W) satellite developed by the Japan Aerospace Exploration Agency (JAXA). The GCOM-W mission aims to establish the global and long-term observation system to collect data, which is needed to understand mechanisms of climate and water cycle variations, and demonstrate its utilization. AMSR2 onboard the first generation of the GCOM-W satellite will continue Aqua/AMSR-E observations of water vapor, cloud liquid water, precipitation, SST, sea surface wind speed, sea ice concentration, snow depth, and soil moisture. AMSR2 is a remote sensing instrument for measuring weak microwave emission from the surface and the atmosphere of the Earth. The antenna of AMSR2 rotates once per 1.5 seconds and obtains data over a 1450 km swath. This conical scan mechanism enables AMSR2 to acquire a set of daytime and nighttime data with more than 99% coverage of the Earth every 2 days. The “Final” SSTs are processed when RSS receives the atmospheric model National Center for Environmental Prediction (NCEP) Final Analysis (FNL) Operational Global Analysis. The NCEP wind directions are particularly useful for retrieving more accurate SSTs and wind speeds.",,
https://pndb.opendatasoft.com/explore/assets/distribution-des-moules-mytilus-edulis-hors-des-parcs-dans-le-bassin-de-marennes-oleron-etat-1981/,Distribution des moules Mytilus edulis hors des parcs dans le bassin de Marennes-Oléron. Etat 1981,"Lien vers les données
La distribution des moules Mytilus edulis Linné, 1758 dans le bassin de Marennes-Oléron a été cartographiée en juillet 1981 suite à 110 prélèvements réalisés par une petite drague Charcot tractée 10 minutes au cours de six sorties en chalutier professionnel. Cette carte est issue du rapport CNEXO de Massé & Lagardère (1981) « Recherche écologique sur un écosystème estuarien à vocation aquicole le bassin de Marennes-Oléron », étude soutenue et financée par l’ISTPM et le CNEXO (contrat 81/2503). L’échantillonnage s’est limité à la zone située en dehors des parcs conchylicoles vers les chenaux d’écoulement des eaux à marée basse. La distribution des moules est complétée de la distribution des crépidules, de la bionomie benthique des stations, en référence aux types de fonds distingués par Hily (1976) dans les pertuis charentais, et de la description des populations nectobenthiques d’Arthropodes et de Téléostéens.",Mytilus edulis,https://www.gbif.org/species/8288896
https://pndb.opendatasoft.com/explore/assets/cartographie-des-colonies-de-crepidules-crepidula-fornicata-linne-1758-dans-les-pertuis-charentais-etat-2008-20090/,"Cartographie des colonies de crépidules Crepidula fornicata Linné, 1758 dans les pertuis charentais. Etat 2008-2009","Lien vers les données
Une cartographie des colonies de crépidules dans les pertuis charentais est réalisée à l’issue du dépouillement de relevés sonar et d’une validation par prélèvements ponctuels à la benne. Cette carte est issue du rapport IFREMER de Curti (2009) « Cartographie des bancs de crépidules dans le bassin de Marennes-Oléron : analyse par imagerie acoustique et sondeur de sédiment ». La zone d’étude concerne le bassin de Marennes-Oléron, le pertuis d’Antioche ainsi que le pertuis Breton. L’acquisition des données a été réalisée à bord de la V/O Haliotis lors de trois campagnes à la mer en octobre 2008, février 2009 et juillet 2009, pour un total de 860 profils d’imagerie acoustique. L’interprétation acoustique a permis de reconnaitre des taches denses ainsi que des tapis très denses de Crepidula fornicata. Des prélèvements ponctuels à bord du Mélosira ont été réalisés avec une mini-benne Van Veen (0,01 m2) afin de valider la présence de crépidules. Les trois campagnes de validation (juillet 2009, octobre 2009 et mai 2010) ont permis à travers la réalisation de 415 stations de prélèvements de valider les profils d’imagerie acoustique.",Crepidula fornicata,https://www.gbif.org/species/5192789
https://pndb.opendatasoft.com/explore/assets/suivi-pluri-annuel-de-la-croissance-de-chataigniers-a-double-fin-production-de-bois-et-de-fruits-sur-un-dispositif-experimental-a-saint-caprais-46/,Suivi pluri annuel de la croissance de châtaigniers à double fin (production de bois et de fruits) sur un dispositif expérimental à Saint Caprais (46),"Le jeu de données présenté a été produit dans le cadre d’une étude portant sur les possibilités de la gestion de vergers ""fruits et bois"",ici dans le cas des châtaigniers. L'objectif principal de cette étude est de déterminer,pour deux clones d'arbres hybrides Castanea sativa x Castanea crenata,les méthodes techniques pour obtenir (du même arbre) des noix à court terme et du bois de qualité à long terme,selon les modes de tailles. Les modes de tailles ont été testées sur des arbres âgés de trois à huit ans dans un essai situé dans le sud-ouest de la France. Le jeu de données présenté ici concerne les données de croissance en diamètre et en hauteur à différents niveaux dans l’arbre.","Castanea sativa, Castanea crenata","https://www.gbif.org/species/5333294, https://www.gbif.org/species/5333249"
https://pndb.opendatasoft.com/explore/assets/adelie-penguins-as-monitor-of-the-marine-environment-ammer/,Adelie penguins as Monitor of the Marine EnviRonment (AMMER),"Lien vers les données
This is a data repository of long-term Adelie penguin (Pygoscelis adeliae) monitoring project on Petrel Island, Antarctica. We monitor at-sea foraging and on-land breeding performances - together with physiological markers of performances since 2010. The bio-logging data (time series data including, depth, temperature, GPS position, light and acceleration) were collected at sea. Breeding performance is monitored by marking breeding pairs and monitoring until the end of summer. Blood sample is collected to measure for physiologiocal parameters (telomere length, corticosteron, stable isotope etc). This is part of project n°1091 - l'AMMER - ‘Adelie penguins as Monitor of the Marine EnviRonment’ supported by the Institut Polaire Français Paul-Emile Victor-IPEV. This is also part of the CNRS ZATA Zone Atelier Antarctique et Terres Australes programme. This is labelled ‘Long-term monitoring in ecology and evolution’ under the SEE-Life CNRS label.",Pygoscelis adeliae,https://www.gbif.org/species/2481663
https://pndb.opendatasoft.com/explore/assets/distribution-de-psammechinus-miliaris-cperm-1172-aphiaid-124319-en-atlantique/,"Distribution de Psammechinus miliaris (CPERM 1172, AphiaID 124319) en ATLANTIQUE","Distribution du taxon Psammechinus miliaris établie à partir des données de densité d'abondance relative cumulées et krigées issues des campagnes halieutiques EVHOE (2008-2013), LANGOLF (2011-2013), NURSE (2000-2013), ORHAGO (2011-2015)",Psammechinus miliaris,https://www.gbif.org/species/9808074
https://pndb.opendatasoft.com/explore/assets/abondance-de-juveniles-de-sole-commune-solea-solea-observee-lors-des-campagnes-scientifiques-sur-la-periode-1998-2009/,Abondance de juvéniles de sole commune (Solea solea) observée lors des campagnes scientifiques sur la période 1998 – 2009,"Lien vers les données
L'abondance de juvéniles de sole commune (Solez solea) est exprimée en nombre d’individus par km² et observée lors des campagnes halieutiques de l'Ifremer utilisant un engin de pêche ”traînant de fond” : Baie de Seine (1998-2002), Baie de Somme (2005-2009), Nurse Loire et Gironde (2000-2003), Nurse Vilaine (2003-2009), PECOS (2004-2006). Données utilisées dans le cadre d'une étude visant à l'identification de zones de moindres contraintes pour l'exploitation de granulats marins (étude confiée par le Ministère chargé de l'écologie).",Solea solea,https://www.gbif.org/species/5214139
https://pndb.opendatasoft.com/explore/assets/abondance-de-bar-dicentrarchus-labrax-observee-lors-des-campagnes-scientifiques-sur-la-periode-2005-2009/,Abondance de bar (Dicentrarchus labrax) observée lors des campagnes scientifiques sur la période 2005 – 2009,"Lien vers les données
L'abondance de bar (Dicentrarchus labrax) est exprimée en nombre d’individus par km² et observée lors des campagnes halieutiques de l'Ifremer utilisant un engin de pêche ”traînant de fond” : CGFS (2005-2009), EVHOE (2005-2009). Données utilisées dans le cadre d'une étude visant à l'identification de zones de moindres contraintes pour l'exploitation de granulats marins (étude confiée par le Ministère chargé de l'écologie).",Dicentrarchus labrax,https://www.gbif.org/species/2394622
https://pndb.opendatasoft.com/explore/assets/inventaire-des-bancs-dhermelles-sabelaria-alveolata-des-cotes-des-pertuis-charentais-etat-2012/,Inventaire des bancs d’hermelles Sabelaria alveolata des côtes des Pertuis Charentais. Etat 2012,"Lien vers les données
La distribution géographique des principaux bancs d’hermelles Sabellaria alveolata (Linné, 1767) des côtes des Pertuis Charentais a été dressée de 2010 à 2012. L’inventaire porte sur les bancs d’estrans (+ 6 à 0 m cote marine) et compile deux sources cartographiques issues du projet CARTHAM Natura 2000 en mer de l’Agence des Aires Marines Protégées : 1) les inventaires d’hermelles réalisés en 2011 par l’association IODDE sur l’Ouest de l’île d’Oléron et 2) les inventaires cartographiques des habitats marins intertidaux réalisés par LIENSs (en coopération avec CREOCEAN, Ré Nature Environnement, GEO-Transfert et la LPO Moëze-Oléron). Les méthodologies utilisées par IODDE sur Oléron combinent les vérités terrain avec report sous Système d’Informations Géographiques (SIG). Les méthodologies utilisées par LIENSs pour estimer l’extension des habitats intertidaux dans l’ensemble des Pertuis Charentais combinent analyses d’images aériennes, la télédétection, la validations terrain par GPS différentiel et analyses thématiques sous SIG (Cajeri et al., 2012). C’est au cours de ces vérités terrain qu’a été relevée la présence ponctuelle de plaquages ou de petits récifs d’hermelles. Les résultats d’IODDE ont permis de dresser un inventaire quasi exhaustif des récifs d’hermelles de l’ouest d’Oléron. Ceux de LIENSs ont permis de préciser la répartition des hermelles sur la plupart des estrans les Pertuis Charentais.",Sabellaria alveolata,https://www.gbif.org/species/5199252
https://pndb.opendatasoft.com/explore/assets/distribution-de-jorunna-tomentosa-cperm-2418-aphiaid-140166-en-atlantique/,"Distribution de Jorunna tomentosa (CPERM 2418, AphiaID 140166) en ATLANTIQUE","Lien vers les données
Distribution du taxon Jorunna tomentosa établie à partir des données de densité d'abondance relative cumulées et krigées issues des campagnes halieutiques EVHOE (2008-2013), LANGOLF (2011-2013), NURSE (2000-2013), ORHAGO (2011-2015)",Jorunna tomentosa,https://www.gbif.org/species/11432852
https://pndb.opendatasoft.com/explore/assets/nidification-du-puffin-de-baillon-puffinus-lherminieri-a-la-reunion/,Nidification du Puffin de Baillon (Puffinus lherminieri) à La Réunion,Lien vers les données,Puffinus lherminieri,https://www.gbif.org/species/5229361
https://pndb.opendatasoft.com/explore/assets/2012-frequence-dobservation-des-differentes-especes-de-cetaces-autour-de-lile-de-la-reunion-en-2012-selon-une-grille-de-maille-2kmx2km/,2012 - Fréquence d'observation des différentes espèces de cétacés autour de l'île de La Réunion en 2012 selon une grille de maille 2kmx2km,"Lien vers les données
Cartographie des fréquences d'observation des différentes espèces de cétacés tel que Megaptera novaeangliae, Stenella attenuata, Stenella longirostris, Tursiops aduncus et Tursiops truncatus autour de l'île de La Réunion en 2012 selon une grille de maille 2kmx2km.","Megaptera novaeangliae, Stenella attenuata, Stenella longirostris, Tursiops aduncus, Tursiops truncatus","https://www.gbif.org/species/5220086, https://www.gbif.org/species/5220050, https://www.gbif.org/species/5220060, https://www.gbif.org/species/2440455, https://www.gbif.org/species/2440447"
https://pndb.opendatasoft.com/explore/assets/nids-de-craves-a-bec-rouge-sur-ouessant/,Nids de Craves à bec rouge sur Ouessant,"Lien vers les données
L'ensemble des sites de reproduction ont été inventorié chaque année entre 1995 et 2005. Kerbiriou C., Le Viol, I., Nisser, J., Audevard, A., Le Pennec, V. Biologie de la reproduction du Crave à bec rouge (Pyrrhocorax pyrrhocorax) en Bretagne (France) Alauda in press",Pyrrhocorax pyrrhocorax,https://www.gbif.org/species/2482552
https://pndb.opendatasoft.com/explore/assets/zones-dalimentation-des-couples-de-craves-a-bec-rouge-ouessant-2003/,"Zones d'alimentation des couples de craves à bec rouge, Ouessant (2003)","Lien vers les données
Pour quantifier l'importance de cette sélection de l'habitat, notamment lors de périodes cruciales comme le moment de la reproduction, il est nécessaire de pouvoir comparer les surfaces d'habitats disponibles pour chacun des couples et leurs fréquences d'utilisation. Ainsi à Ouessant entre 1998 et 2003, l'ensemble des couples nicheurs a été suivi tout au long du cycle de reproduction, exception faite de 2001 où seulement la moitié a pu être suivie convenablement, soit un total de 68 territoires suivis. Pour chaque année et chaque couple, nous avons ainsi pu modéliser les territoires alimentaires utilisés. En période de reproduction deux critères de sélection ont pu ainsi être identifiés: les habitats ras et la distance au nid. Plus les parcelles d'habitats favorables (pelouse et landes rases) sont éloignées du nid moins elles sont utilisées. Le succès reproducteur apparaît influencé par les superficies d'habitats ras à proximité du nid. Pour plus de détails sur la méthodologie et les résultats : Kerbiriou C., Le Viol, I., Nisser, J., Audevard, A., Le Pennec, V. Biologie de la reproduction du Crave à bec rouge (Pyrrhocorax pyrrhocorax) en Bretagne (France) Alauda in press Kerbiriou, C., Gourmelon, F., Jiguet F., Le Viol I., Bioret F., & Julliard R.,. 2006 Linking territory quality and reproductive success in the chough (Pyrrhocorax pyrrochorax): implications for conservation management of an endangered population. Ibis 148: 352-364",Pyrrhocorax pyrrhocorax,https://www.gbif.org/species/2482552
https://pndb.opendatasoft.com/explore/assets/abondance-doeufs-de-balai-hippoglossoides-platessoides-observee-lors-de-la-campagne-scientifique-ibts-sur-la-periode-2006-2010/,Abondance d’œufs de balai (Hippoglossoides platessoides) observée lors de la campagne scientifique IBTS sur la période 2006 – 2010,"Lien vers les données
L'abondance d’œufs de balai (Hippoglossoides platessoides) est exprimée en nombre d’œufs par m3. Les œufs ont été prélevés lors de la campagne IBTS (2006-2010) avec une pompe (CUFES) qui filtre les particules de plus de 500 microns. Données utilisées dans le cadre d'une étude visant à l'identification de zones de moindres contraintes pour l'exploitation de granulats (étude confiée par le Ministère chargé de l'écologie).",Hippoglossoides platessoides,https://www.gbif.org/species/2409104
https://pndb.opendatasoft.com/explore/assets/biomasse-annuelle-de-lespece-funiculina-quadrangularis-dans-le-golfe-du-lion-medits-2012-2019/,"Biomasse annuelle de l'espèce Funiculina quadrangularis dans le Golfe du Lion (MEDITS, 2012-2019)",La biomasse (poids/km²) a été calculée annuellement à partir des données de la campagne MEDITS entre 2012 et 2019. Les données ont été transformées par logarithme décimal log10 (x+1) puis une analyse variographique et un krigeage ordinaire ont été effectués pour interpoler les données dans le Golfe du Lion. Une carte de variance de krigeage a été calculée pour chaque espèce et chaque pas de temps.,Funiculina quadrangularis,https://www.gbif.org/species/2258652
https://pndb.opendatasoft.com/explore/assets/campagne-ciem-de-chalutage-en-mer-du-nord-datras-ns-ibts0/,Campagne CIEM de chalutage en Mer du Nord (DATRAS NS-IBTS),DATRAS - Campagne de chalutage en Mer du Nord,,
https://pndb.opendatasoft.com/explore/assets/capture-par-unite-deffort-moyenne-et-ecart-type-de-lespece-argentina-sphyraena-dans-le-golfe-du-lion-donnees-sih-2015-2019/,"Capture par unité d'effort moyenne et écart-type de l'espèce Argentina sphyraena dans le Golfe du Lion (Données SIH, 2015-2019)","Les données de débarquements géolocalisés de capture de pêche de la zone GSA 07, de 2015 à 2019, ont été obtenues auprès du Système d’Information Halieutique (SIH) d’Ifremer avec l’autorisation de la Direction des pêches maritimes et de l’aquaculture (DPMA) du Ministère de l’Agriculture et de la Pêche. La capture par unité d'effort (CPUE) correspond la quantité débarquée de l’espèce en kilogrammes divisée par le temps passé à pêcher l’espèce en heure. La CPUE (kg/tps) a été calculée annuellement entre 2015-2019 puis la moyenne et l'écart-type ont été calculés sur cette période par espèce.",Argentina sphyraena,https://www.gbif.org/species/5214448
https://pndb.opendatasoft.com/explore/assets/capture-par-unite-deffort-moyenne-et-ecart-type-de-lespece-lepidotrigla-cavillone-dans-le-golfe-du-lion-donnees-sih-2015-2019/,"Capture par unité d'effort moyenne et écart-type de l'espèce Lepidotrigla cavillone dans le Golfe du Lion (Données SIH, 2015-2019)","Les données de débarquements géolocalisés de capture de pêche de la zone GSA 07, de 2015 à 2019, ont été obtenues auprès du Système d’Information Halieutique (SIH) d’Ifremer avec l’autorisation de la Direction des pêches maritimes et de l’aquaculture (DPMA) du Ministère de l’Agriculture et de la Pêche. La capture par unité d'effort (CPUE) correspond la quantité débarquée de l’espèce en kilogrammes divisée par le temps passé à pêcher l’espèce en heure. La CPUE (kg/tps) a été calculée annuellement entre 2015-2019 puis la moyenne et l'écart-type ont été calculés sur cette période par espèce.",Lepidotrigla cavillone,https://www.gbif.org/species/2336734
https://pndb.opendatasoft.com/explore/assets/cartographie-de-la-repartition-de-la-crepidule-crepidula-fornicata-des-abords-de-saint-malo-a-la-baie-du-mont-saint-michel-etat-1993-1996/,Cartographie de la répartition de la crépidule (Crepidula formicata) des abords de Saint-Malo à la baie du Mont Saint-Michel (État 1993-1996).,Carte de répartition de la Crépidule de la pointe de la Varde au récif d'Hermelles en baie du Mont Saint-Michel sous forme de polygones.,Crepidula fornicata,https://www.gbif.org/species/5192789
https://pndb.opendatasoft.com/explore/assets/campagnes-dechantillonnage-de-lombre-commun-thymallus-thymallus-2014-2016/,Campagnes d'échantillonnage de l'ombre commun (Thymallus Thymallus) (2014-2016),"- Description : 3 Campagnes de pêche électrique - Contexte : Données produite dans le cadre du programme de recherche intégré ""Rivière d'Ain"" : Dynamique, fonctionnement et biodiversité des communautés aquatiques face aux pressions anthropiques sur la vallée de l'Ain. Convention CNRS ref. 109651. Partenariat Agence de l'eau RMC-EDF. - But : Evaluer la structure en classes de taille et la croissance des ombres à trois périodes critiques de l'année (pré-estivale, post-estivale, hivernale) - Rivière d'Ain et affluent la Saine - Période : août 2014 à avril 2016",Thymallus thymallus,https://www.gbif.org/species/5203999
https://pndb.opendatasoft.com/explore/assets/biomasse-moyenne-et-ecart-type-de-lespece-pennatula-rubra-dans-le-golfe-du-lion-medits-2015-2019-cartographie-sans-interpolation/,"Biomasse moyenne et écart-type de l'espèce pennatula rubra dans le Golfe du Lion (MEDITS, 2015-2019) - Cartographie sans interpolation",La biomasse (poids/km²) a été calculée annuellement à partir des données de la campagne MEDITS entre 2015 et 2019 puis la moyenne et l'écart-type ont été calculés par station sur cette période.,Pennatula rubra,https://www.gbif.org/species/2258707